{
    "data":{
        "attributes":{
            "position":{
                "type":"Float32Array",
                "itemSize":3,
                "array":[2.77164,0.27971,1.46941,2.79229,0.273288,1.48351,2.77815,0.25171,1.47587,2.63112,0.0520428,1.40586,2.64505,0.0721535,1.40749,2.6551,0.0613311,1.42569,2.66035,0.0908025,1.40628,2.66923,0.0814343,1.42538,2.68381,0.107502,1.39358,2.6947,0.0978103,1.40957,2.7086,0.125463,1.37665,2.72344,0.11308,1.38569,2.72714,0.145234,1.37044,2.74373,0.130239,1.36938,2.73445,0.169039,1.38793,2.75069,0.155338,1.39551,2.73378,0.194771,1.41728,2.74865,0.182827,1.4297,2.73589,0.217564,1.44015,2.75071,0.208509,1.45576,2.74633,0.237441,1.45155,2.76408,0.230248,1.46682,2.75778,0.257914,1.46151,2.48738,0.196146,1.31991,2.50363,0.188392,1.3314,2.49731,0.1683,1.30517,2.52385,0.178047,1.33031,2.51087,0.157401,1.31327,2.54145,0.161772,1.32745,2.52636,0.141732,1.31608,2.55938,0.142818,1.32671,2.57858,0.127905,1.33227,2.5638,0.109895,1.32704,2.5968,0.117,1.34359,2.58223,0.098102,1.33926,2.61401,0.105249,1.35653,2.59826,0.0866428,1.35445,2.62624,0.093124,1.37194,2.60978,0.0749839,1.37129,2.63605,0.0822113,1.3891,2.62039,0.0635453,1.38853,2.49102,0.210443,1.34927,2.51661,0.207509,1.34339,2.54224,0.196112,1.33505,2.56185,0.177914,1.3295,2.57909,0.159239,1.3289,2.59704,0.145466,1.33481,2.61475,0.134811,1.34484,2.63147,0.122939,1.35641,2.64363,0.110093,1.37042,2.65265,0.0996519,1.38731,2.51761,0.235643,1.33024,2.54053,0.226108,1.33288,2.56551,0.210551,1.32733,2.58507,0.191198,1.32397,2.60045,0.174142,1.32704,2.61554,0.162825,1.33558,2.63108,0.153528,1.34642,2.6466,0.142154,1.35762,2.65879,0.128895,1.37014,2.67041,0.117737,1.38267,2.54589,0.25276,1.31072,2.56554,0.237975,1.31734,2.58817,0.220255,1.31605,2.60714,0.202429,1.31666,2.62141,0.188944,1.32386,2.63267,0.181502,1.33698,2.64489,0.17428,1.35024,2.65822,0.164487,1.36252,2.67105,0.151309,1.37303,2.68956,0.137952,1.37563,2.56982,0.265752,1.29597,2.58586,0.248306,1.30622,2.60512,0.230993,1.31023,2.6222,0.216143,1.31589,2.63404,0.205832,1.32754,2.64197,0.199523,1.34377,2.65129,0.193699,1.35947,2.6642,0.185712,1.37247,2.68055,0.174755,1.38036,2.70359,0.160959,1.3774,2.58714,0.279799,1.28875,2.5973,0.261015,1.30459,2.6105,0.244049,1.31551,2.62177,0.230414,1.32758,2.63005,0.220301,1.34237,2.63829,0.213132,1.35797,2.64968,0.207748,1.37263,2.66632,0.201716,1.3843,2.68475,0.194679,1.39337,2.71009,0.183882,1.39192,2.5981,0.295908,1.28883,2.5984,0.274908,1.3126,2.59995,0.254709,1.33267,2.60452,0.238452,1.34881,2.61194,0.227172,1.36343,2.62336,0.22035,1.37693,2.64163,0.216307,1.38786,2.66397,0.213103,1.39748,2.68693,0.209907,1.40638,2.7112,0.204419,1.41239,2.60611,0.312838,1.29213,2.59814,0.286884,1.32112,2.58879,0.261534,1.34807,2.58475,0.241511,1.36849,2.59024,0.229015,1.38348,2.60597,0.223472,1.39527,2.62951,0.222301,1.40465,2.65739,0.222778,1.4128,2.68671,0.223404,1.4199,2.7139,0.222231,1.42843,2.61381,0.330568,1.29606,2.59838,0.299872,1.32895,2.58002,0.268215,1.36071,2.56787,0.242574,1.38433,2.56981,0.228036,1.40082,2.58778,0.22479,1.41269,2.61653,0.227712,1.42149,2.65062,0.232537,1.42806,2.68628,0.237187,1.43343,2.71941,0.239412,1.44062,2.62458,0.350998,1.29916,2.60426,0.317325,1.33345,2.5775,0.279364,1.36946,2.55365,0.244455,1.39805,2.54808,0.224133,1.41782,2.57151,0.225972,1.42891,2.60776,0.235038,1.43615,2.64855,0.244845,1.44093,2.6898,0.253263,1.44498,2.72742,0.258172,1.45134,2.64048,0.374939,1.30168,2.62022,0.342058,1.33355,2.59053,0.301972,1.37055,2.55722,0.25887,1.40498,2.5242,0.214586,1.43559,2.56711,0.233763,1.44077,2.61137,0.249623,1.44553,2.65702,0.263298,1.44909,2.70127,0.273886,1.45294,2.74056,0.279782,1.45938,2.64198,0.0405214,1.42347,2.48698,0.17641,1.28759,2.54485,0.123939,1.31882]
            },
            "normal":{
                "type":"Float32Array",
                "itemSize":3,
                "array":[0.479324,0.0069277,-0.87759,0.549028,-0.0647603,-0.833277,0.561571,-0.0492874,-0.825953,0.658376,-0.38786,-0.645009,0.636799,-0.476363,-0.60622,0.655812,-0.418683,-0.628132,0.443678,-0.702597,-0.556261,0.470199,-0.668508,-0.576189,0.135197,-0.697531,-0.703665,0.130589,-0.821436,-0.555101,-0.138096,-0.387768,-0.911344,-0.0533769,-0.682607,-0.728782,0.0910977,0.258278,-0.96176,0.168462,0.0782189,-0.982574,0.474166,0.551225,-0.686453,0.633564,0.508286,-0.583239,0.594073,0.564592,-0.572924,0.749535,0.47676,-0.459181,0.617298,0.366375,-0.696188,0.745598,0.183996,-0.640461,0.525681,0.153478,-0.836695,0.627125,-0.0119938,-0.778802,0.458632,0.0813623,-0.884884,0.681265,0.576342,-0.451308,0.385907,0.577532,-0.719352,0.75808,0.480636,-0.440779,0.137822,0.413129,-0.900174,0.458602,0.434706,-0.775018,0.164129,0.251534,-0.953825,0.335826,0.228004,-0.913907,0.230476,0.0727866,-0.970336,0.345683,-0.121525,-0.930418,0.419263,-0.0425123,-0.906857,0.432752,-0.2631,-0.862239,0.513199,-0.196173,-0.835536,0.453566,-0.376476,-0.807764,0.528336,-0.347545,-0.774621,0.519669,-0.503403,-0.690268,0.561632,-0.475784,-0.67687,0.58269,-0.532517,-0.61388,0.610797,-0.458022,-0.645833,0.0502029,0.348277,-0.936033,-0.165166,0.0561235,-0.984649,-0.202887,0.0958281,-0.974487,-0.118534,0.0331736,-0.99237,0.0744346,-0.106571,-0.991485,0.28019,-0.2472,-0.927549,0.372875,-0.305124,-0.876247,0.424299,-0.358745,-0.831416,0.476333,-0.498001,-0.724601,0.465957,-0.636494,-0.614582,-0.14771,-0.490677,-0.858699,-0.238685,-0.374248,-0.896054,-0.312174,-0.17777,-0.933226,-0.180914,-0.183142,-0.966277,0.0955229,-0.302561,-0.948302,0.355388,-0.339702,-0.870785,0.459456,-0.26252,-0.848476,0.508896,-0.231117,-0.829188,0.442579,-0.329142,-0.834101,0.334941,-0.520951,-0.785089,-0.177831,-0.597003,-0.78225,-0.257302,-0.466597,-0.846187,-0.242531,-0.278451,-0.929289,0.00784326,-0.276864,-0.960845,0.389264,-0.36079,-0.847499,0.635334,-0.285775,-0.717368,0.68099,-0.100864,-0.725272,0.628742,-0.0105899,-0.77749,0.370495,0.00106815,-0.9288,0.0845668,-0.188879,-0.978332,0.0177313,-0.549547,-0.835231,0.0362255,-0.368816,-0.92877,0.274239,-0.0345164,-0.961028,0.555559,0.095584,-0.825922,0.827845,0.0722068,-0.556261,0.879971,0.185186,-0.437391,0.807123,0.291849,-0.513138,0.65511,0.316111,-0.686178,0.357067,0.347484,-0.867,0.0746483,0.311533,-0.947264,0.615619,-0.463393,-0.637379,0.737114,-0.119572,-0.665059,0.776543,0.385632,-0.498215,0.79696,0.574725,-0.185736,0.750969,0.659963,-0.021485,0.671682,0.729789,-0.127293,0.600299,0.721366,-0.345317,0.534806,0.599506,-0.595386,0.357616,0.558611,-0.748344,0.251717,0.601978,-0.757775,0.896481,-0.388165,-0.213599,0.987548,-0.00946074,-0.156835,0.85754,0.444044,0.259651,0.648091,0.663289,0.374126,0.471084,0.849971,0.235786,0.348338,0.937284,-0.0111698,0.306925,0.904477,-0.296121,0.350932,0.783624,-0.512558,0.297678,0.660512,-0.689261,0.342814,0.625538,-0.700797,0.927061,-0.374706,0.0105289,0.989715,-0.0678121,0.125828,0.831111,0.268685,0.486831,0.610675,0.577502,0.541734,0.339152,0.881252,0.329142,0.146825,0.989105,0.00897244,0.0929289,0.961913,-0.256966,0.165624,0.864223,-0.475021,0.182592,0.701926,-0.688406,0.337596,0.567186,-0.751183,0.897214,-0.437178,0.0621052,0.943388,-0.245216,0.223243,0.879727,0.0533464,0.472457,0.642659,0.444624,0.62389,0.282785,0.879818,0.382,0.0194708,0.997467,-0.0679952,-0.0204779,0.924253,-0.381176,0.0419019,0.795709,-0.604205,0.0798975,0.634632,-0.768639,0.26896,0.436293,-0.858638,0.84875,-0.528642,-0.0112918,0.882504,-0.457564,0.108676,0.89874,-0.307321,0.312662,0.889859,0.101932,0.444655,0.280374,0.828303,0.485061,-0.00952177,0.949217,-0.314432,-0.0864589,0.76278,-0.640828,-0.02472,0.588702,-0.807947,0.0476089,0.454268,-0.889553,0.220008,0.306803,-0.925962,0.834315,-0.550005,-0.037019,0.839167,-0.543718,-0.00967437,0.853725,-0.50557,0.124607,0.906308,-0.301645,0.295907,-0.0341807,0.89877,0.437056,-0.0890225,0.866451,-0.491195,-0.0627461,0.532823,-0.843867,-0.0130009,0.401654,-0.915677,0.0847804,0.313456,-0.945799,0.255654,0.191595,-0.947569,0.673482,-0.35551,-0.648061,0.84402,0.453078,-0.286935,0.36256,0.107608,-0.925718]
            },